Workbook

Sheet Raw Data (General)
B2: Task ID | C2: Reasoning Style | D2: Example Context | E2: Avg Accuracy (%) | F2: Prompt Verbosity (#tokens) | G2: Response Verbosity (#tokens) | H2: Total Verbosity (#tokens) | I2: Cost (USD)
B3: task_001 | C3: Non-CoT | D3: Zero-Shot | E3: =AVERAGE('Raw Data (Acc.)'!J4,'Raw Data (Acc.)'!J88) -> 78 | F3: 26 | G3: 143 | H3: =tasks_table[[#This Row],[Prompt Verbosity ('#tokens)]]+tasks_table[[#This Row],[Response Verbosity ('#tokens)]] -> 169 | I3: =((tasks_table[[#This Row],[Prompt Verbosity ('#tokens)]]/1000000)*1.25) + ((tasks_table[[#This Row],[Response Verbosity ('#tokens)]]/1000000)*10) -> 0.0014625
B4: task_002 | C4: Non-CoT | D4: Zero-Shot | E4: =AVERAGE('Raw Data (Acc.)'!J5,'Raw Data (Acc.)'!J89) -> 77 | F4: 35 | G4: 86 | H4: =tasks_table[[#This Row],[Prompt Verbosity ('#tokens)]]+tasks_table[[#This Row],[Response Verbosity ('#tokens)]] -> 121 | I4: =((tasks_table[[#This Row],[Prompt Verbosity ('#tokens)]]/1000000)*1.25) + ((tasks_table[[#This Row],[Response Verbosity ('#tokens)]]/1000000)*10) -> 0.00090375
B5: task_003 | C5: Non-CoT | D5: Zero-Shot | E5: =AVERAGE('Raw Data (Acc.)'!J6,'Raw Data (Acc.)'!J90) -> 85.5 | F5: 25 | G5: 146 | H5: =tasks_table[[#This Row],[Prompt Verbosity ('#tokens)]]+tasks_table[[#This Row],[Response Verbosity ('#tokens)]] -> 171 | I5: =((tasks_table[[#This Row],[Prompt Verbosity ('#tokens)]]/1000000)*1.25) + ((tasks_table[[#This Row],[Response Verbosity ('#tokens)]]/1000000)*10) -> 0.00149125
B6: task_004 | C6: Non-CoT | D6: Zero-Shot | E6: =AVERAGE('Raw Data (Acc.)'!J7,'Raw Data (Acc.)'!J91) -> 85.5 | F6: 20 | G6: 156 | H6: =tasks_table[[#This Row],[Prompt Verbosity ('#tokens)]]+tasks_table[[#This Row],[Response Verbosity ('#tokens)]] -> 176 | I6: =((tasks_table[[#This Row],[Prompt Verbosity ('#tokens)]]/1000000)*1.25) + ((tasks_table[[#This Row],[Response Verbosity ('#tokens)]]/1000000)*10) -> 0.001585
B7: task_005 | C7: Non-CoT | D7: Zero-Shot | E7: =AVERAGE('Raw Data (Acc.)'!J8,'Raw Data (Acc.)'!J92) -> 78 | F7: 28 | G7: 121 | H7: =tasks_table[[#This Row],[Prompt Verbosity ('#tokens)]]+tasks_table[[#This Row],[Response Verbosity ('#tokens)]] -> 149 | I7: =((tasks_table[[#This Row],[Prompt Verbosity ('#tokens)]]/1000000)*1.25) + ((tasks_table[[#This Row],[Response Verbosity ('#tokens)]]/1000000)*10) -> 0.001245
B8: task_006 | C8: Non-CoT | D8: Zero-Shot | E8: =AVERAGE('Raw Data (Acc.)'!J9,'Raw Data (Acc.)'!J93) -> 79 | F8: 26 | G8: 90 | H8: =tasks_table[[#This Row],[Prompt Verbosity ('#tokens)]]+tasks_table[[#This Row],[Response Verbosity ('#tokens)]] -> 116 | I8: =((tasks_table[[#This Row],[Prompt Verbosity ('#tokens)]]/1000000)*1.25) + ((tasks_table[[#This Row],[Response Verbosity ('#tokens)]]/1000000)*10) -> 0.0009325
B9: task_007 | C9: Non-CoT | D9: Zero-Shot | E9: =AVERAGE('Raw Data (Acc.)'!J10,'Raw Data (Acc.)'!J94) -> 84.5 | F9: 18 | G9: 100 | H9: =tasks_table[[#This Row],[Prompt Verbosity ('#tokens)]]+tasks_table[[#This Row],[Response Verbosity ('#tokens)]] -> 118 | I9: =((tasks_table[[#This Row],[Prompt Verbosity ('#tokens)]]/1000000)*1.25) + ((tasks_table[[#This Row],[Response Verbosity ('#tokens)]]/1000000)*10) -> 0.0010225
B10: task_008 | C10: Non-CoT | D10: Zero-Shot | E10: =AVERAGE('Raw Data (Acc.)'!J11,'Raw Data (Acc.)'!J95) -> 86 | F10: 36 | G10: 148 | H10: =tasks_table[[#This Row],[Prompt Verbosity ('#tokens)]]+tasks_table[[#This Row],[Response Verbosity ('#tokens)]] -> 184 | I10: =((tasks_table[[#This Row],[Prompt Verbosity ('#tokens)]]/1000000)*1.25) + ((tasks_table[[#This Row],[Response Verbosity ('#tokens)]]/1000000)*10) -> 0.001525
B11: task_009 | C11: Non-CoT | D11: Zero-Shot | E11: =AVERAGE('Raw Data (Acc.)'!J12,'Raw Data (Acc.)'!J96) -> 74.5 | F11: 35 | G11: 111 | H11: =tasks_table[[#This Row],[Prompt Verbosity ('#tokens)]]+tasks_table[[#This Row],[Response Verbosity ('#tokens)]] -> 146 | I11: =((tasks_table[[#This Row],[Prompt Verbosity ('#tokens)]]/1000000)*1.25) + ((tasks_table[[#This Row],[Response Verbosity ('#tokens)]]/1000000)*10) -> 0.00115375
B12: task_010 | C12: Non-CoT | D12: Zero-Shot | E12: =AVERAGE('Raw Data (Acc.)'!J13,'Raw Data (Acc.)'!J97) -> 89.5 | F12: 30 | G12: 149 | H12: =tasks_table[[#This Row],[Prompt Verbosity ('#tokens)]]+tasks_table[[#This Row],[Response Verbosity ('#tokens)]] -> 179 | I12: =((tasks_table[[#This Row],[Prompt Verbosity ('#tokens)]]/1000000)*1.25) + ((tasks_table[[#This Row],[Response Verbosity ('#tokens)]]/1000000)*10) -> 0.0015275
B13: task_011 | C13: Non-CoT | D13: Few-Shot | E13: =AVERAGE('Raw Data (Acc.)'!J14,'Raw Data (Acc.)'!J98) -> 94 | F13: 93 | G13: 198 | H13: =tasks_table[[#This Row],[Prompt Verbosity ('#tokens)]]+tasks_table[[#This Row],[Response Verbosity ('#tokens)]] -> 291 | I13: =((tasks_table[[#This Row],[Prompt Verbosity ('#tokens)]]/1000000)*1.25) + ((tasks_table[[#This Row],[Response Verbosity ('#tokens)]]/1000000)*10) -> 0.00209625
B14: task_012 | C14: Non-CoT | D14: Few-Shot | E14: =AVERAGE('Raw Data (Acc.)'!J15,'Raw Data (Acc.)'!J99) -> 81 | F14: 59 | G14: 88 | H14: =tasks_table[[#This Row],[Prompt Verbosity ('#tokens)]]+tasks_table[[#This Row],[Response Verbosity ('#tokens)]] -> 147 | I14: =((tasks_table[[#This Row],[Prompt Verbosity ('#tokens)]]/1000000)*1.25) + ((tasks_table[[#This Row],[Response Verbosity ('#tokens)]]/1000000)*10) -> 0.00095375
... B82: task_080 | C82: CoT | D82: Few-Shot | E82: =AVERAGE('Raw Data (Acc.)'!J83,'Raw Data (Acc.)'!J167) -> 93 | F82: 638 | G82: 471 | H82: =tasks_table[[#This Row],[Prompt Verbosity ('#tokens)]]+tasks_table[[#This Row],[Response Verbosity ('#tokens)]] -> 1109 | I82: =((tasks_table[[#This Row],[Prompt Verbosity ('#tokens)]]/1000000)*1.25) + ((tasks_table[[#This Row],[Response Verbosity ('#tokens)]]/1000000)*10) -> 0.0055075

Sheet Raw Data (Acc.)
B2: Accuracy Evaluations 1 (By Koorosh Nobakhtfar)
B3: Task ID | C3: Reasoning Style | D3: Example Context | E3: Factual Correctness | F3: Reasoning Quality | G3: Coherency and Clarity | H3: Completeness | I3: Understanding Depth | J3: Weighted Total
B4: task_001 | C4: Non-CoT | D4: Zero-Shot | E4: 5 | F4: 2 | G4: 4 | H4: 4 | I4: 4 | J4: =((koorosh_acc_table[[#This Row],[Factual Correctness]]*0.25)+(koorosh_acc_table[[#This Row],[Reasoning Quality]]*0.25)+(koorosh_acc_table[[#This Row],[Coherency and Clarity]]*0.2)+(koorosh_acc_table[[#This Row],[Completeness]]*0.2)+(koorosh_acc_table[[#This Row],[Understanding Depth]]*0.1))*100/5 -> 75
B5: task_002 | C5: Non-CoT | D5: Zero-Shot | E5: 5 | F5: 2 | G5: 3 | H5: 4 | I5: 5 | J5: =((koorosh_acc_table[[#This Row],[Factual Correctness]]*0.25)+(koorosh_acc_table[[#This Row],[Reasoning Quality]]*0.25)+(koorosh_acc_table[[#This Row],[Coherency and Clarity]]*0.2)+(koorosh_acc_table[[#This Row],[Completeness]]*0.2)+(koorosh_acc_table[[#This Row],[Understanding Depth]]*0.1))*100/5 -> 73
B6: task_003 | C6: Non-CoT | D6: Zero-Shot | E6: 5 | F6: 4 | G6: 4 | H6: 4 | I6: 5 | J6: =((koorosh_acc_table[[#This Row],[Factual Correctness]]*0.25)+(koorosh_acc_table[[#This Row],[Reasoning Quality]]*0.25)+(koorosh_acc_table[[#This Row],[Coherency and Clarity]]*0.2)+(koorosh_acc_table[[#This Row],[Completeness]]*0.2)+(koorosh_acc_table[[#This Row],[Understanding Depth]]*0.1))*100/5 -> 87
B7: task_004 | C7: Non-CoT | D7: Zero-Shot | E7: 5 | F7: 4 | G7: 4 | H7: 5 | I7: 5 | J7: =((koorosh_acc_table[[#This Row],[Factual Correctness]]*0.25)+(koorosh_acc_table[[#This Row],[Reasoning Quality]]*0.25)+(koorosh_acc_table[[#This Row],[Coherency and Clarity]]*0.2)+(koorosh_acc_table[[#This Row],[Completeness]]*0.2)+(koorosh_acc_table[[#This Row],[Understanding Depth]]*0.1))*100/5 -> 91
B8: task_005 | C8: Non-CoT | D8: Zero-Shot | E8: 5 | F8: 3 | G8: 3 | H8: 4 | I8: 5 | J8: =((koorosh_acc_table[[#This Row],[Factual Correctness]]*0.25)+(koorosh_acc_table[[#This Row],[Reasoning Quality]]*0.25)+(koorosh_acc_table[[#This Row],[Coherency and Clarity]]*0.2)+(koorosh_acc_table[[#This Row],[Completeness]]*0.2)+(koorosh_acc_table[[#This Row],[Understanding Depth]]*0.1))*100/5 -> 78
B9: task_006 | C9: Non-CoT | D9: Zero-Shot | E9: 5 | F9: 4 | G9: 3 | H9: 4 | I9: 5 | J9: =((koorosh_acc_table[[#This Row],[Factual Correctness]]*0.25)+(koorosh_acc_table[[#This Row],[Reasoning Quality]]*0.25)+(koorosh_acc_table[[#This Row],[Coherency and Clarity]]*0.2)+(koorosh_acc_table[[#This Row],[Completeness]]*0.2)+(koorosh_acc_table[[#This Row],[Understanding Depth]]*0.1))*100/5 -> 83
B10: task_007 | C10: Non-CoT | D10: Zero-Shot | E10: 5 | F10: 4 | G10: 4 | H10: 5 | I10: 5 | J10: =((koorosh_acc_table[[#This Row],[Factual Correctness]]*0.25)+(koorosh_acc_table[[#This Row],[Reasoning Quality]]*0.25)+(koorosh_acc_table[[#This Row],[Coherency and Clarity]]*0.2)+(koorosh_acc_table[[#This Row],[Completeness]]*0.2)+(koorosh_acc_table[[#This Row],[Understanding Depth]]*0.1))*100/5 -> 91
B11: task_008 | C11: Non-CoT | D11: Zero-Shot | E11: 5 | F11: 4 | G11: 4 | H11: 5 | I11: 5 | J11: =((koorosh_acc_table[[#This Row],[Factual Correctness]]*0.25)+(koorosh_acc_table[[#This Row],[Reasoning Quality]]*0.25)+(koorosh_acc_table[[#This Row],[Coherency and Clarity]]*0.2)+(koorosh_acc_table[[#This Row],[Completeness]]*0.2)+(koorosh_acc_table[[#This Row],[Understanding Depth]]*0.1))*100/5 -> 91
B12: task_009 | C12: Non-CoT | D12: Zero-Shot | E12: 5 | F12: 1 | G12: 3 | H12: 5 | I12: 5 | J12: =((koorosh_acc_table[[#This Row],[Factual Correctness]]*0.25)+(koorosh_acc_table[[#This Row],[Reasoning Quality]]*0.25)+(koorosh_acc_table[[#This Row],[Coherency and Clarity]]*0.2)+(koorosh_acc_table[[#This Row],[Completeness]]*0.2)+(koorosh_acc_table[[#This Row],[Understanding Depth]]*0.1))*100/5 -> 72
B13: task_010 | C13: Non-CoT | D13: Zero-Shot | E13: 5 | F13: 5 | G13: 4 | H13: 5 | I13: 5 | J13: =((koorosh_acc_table[[#This Row],[Factual Correctness]]*0.25)+(koorosh_acc_table[[#This Row],[Reasoning Quality]]*0.25)+(koorosh_acc_table[[#This Row],[Coherency and Clarity]]*0.2)+(koorosh_acc_table[[#This Row],[Completeness]]*0.2)+(koorosh_acc_table[[#This Row],[Understanding Depth]]*0.1))*100/5 -> 96
B14: task_011 | C14: Non-CoT | D14: Few-Shot | E14: 5 | F14: 4 | G14: 5 | H14: 5 | I14: 5 | J14: =((koorosh_acc_table[[#This Row],[Factual Correctness]]*0.25)+(koorosh_acc_table[[#This Row],[Reasoning Quality]]*0.25)+(koorosh_acc_table[[#This Row],[Coherency and Clarity]]*0.2)+(koorosh_acc_table[[#This Row],[Completeness]]*0.2)+(koorosh_acc_table[[#This Row],[Understanding Depth]]*0.1))*100/5 -> 95
B15: task_012 | C15: Non-CoT | D15: Few-Shot | E15: 5 | F15: 2 | G15: 3 | H15: 4 | I15: 5 | J15: =((koorosh_acc_table[[#This Row],[Factual Correctness]]*0.25)+(koorosh_acc_table[[#This Row],[Reasoning Quality]]*0.25)+(koorosh_acc_table[[#This Row],[Coherency and Clarity]]*0.2)+(koorosh_acc_table[[#This Row],[Completeness]]*0.2)+(koorosh_acc_table[[#This Row],[Understanding Depth]]*0.1))*100/5 -> 73
... B83: task_080 | C83: CoT | D83: Few-Shot | E83: 3 | F83: 5 | G83: 5 | H83: 5 | I83: 5 | J83: =((koorosh_acc_table[[#This Row],[Factual Correctness]]*0.25)+(koorosh_acc_table[[#This Row],[Reasoning Quality]]*0.25)+(koorosh_acc_table[[#This Row],[Coherency and Clarity]]*0.2)+(koorosh_acc_table[[#This Row],[Completeness]]*0.2)+(koorosh_acc_table[[#This Row],[Understanding Depth]]*0.1))*100/5 -> 90
B86: Accuracy Evaluations 2 (By Kenan Çakılcı)
B87: Task ID | C87: Reasoning Style | D87: Example Context | E87: Factual Correctness | F87: Reasoning Quality | G87: Coherency and Clarity | H87: Completeness | I87: Understanding Depth | J87: Weighted Total
B88: task_001 | C88: Non-CoT | D88: Zero-Shot | E88: 5 | F88: 4 | G88: 3 | H88: 4 | I88: 4 | J88: =((kenan_acc_table[[#This Row],[Factual Correctness]]*0.25)+(kenan_acc_table[[#This Row],[Reasoning Quality]]*0.25)+(kenan_acc_table[[#This Row],[Coherency and Clarity]]*0.2)+(kenan_acc_table[[#This Row],[Completeness]]*0.2)+(kenan_acc_table[[#This Row],[Understanding Depth]]*0.1))*100/5 -> 81
B89: task_002 | C89: Non-CoT | D89: Zero-Shot | E89: 5 | F89: 4 | G89: 4 | H89: 3 | I89: 4 | J89: =((kenan_acc_table[[#This Row],[Factual Correctness]]*0.25)+(kenan_acc_table[[#This Row],[Reasoning Quality]]*0.25)+(kenan_acc_table[[#This Row],[Coherency and Clarity]]*0.2)+(kenan_acc_table[[#This Row],[Completeness]]*0.2)+(kenan_acc_table[[#This Row],[Understanding Depth]]*0.1))*100/5 -> 81
B90: task_003 | C90: Non-CoT | D90: Zero-Shot | E90: 5 | F90: 3 | G90: 5 | H90: 4 | I90: 4 | J90: =((kenan_acc_table[[#This Row],[Factual Correctness]]*0.25)+(kenan_acc_table[[#This Row],[Reasoning Quality]]*0.25)+(kenan_acc_table[[#This Row],[Coherency and Clarity]]*0.2)+(kenan_acc_table[[#This Row],[Completeness]]*0.2)+(kenan_acc_table[[#This Row],[Understanding Depth]]*0.1))*100/5 -> 84
B91: task_004 | C91: Non-CoT | D91: Zero-Shot | E91: 4 | F91: 4 | G91: 4 | H91: 4 | I91: 4 | J91: =((kenan_acc_table[[#This Row],[Factual Correctness]]*0.25)+(kenan_acc_table[[#This Row],[Reasoning Quality]]*0.25)+(kenan_acc_table[[#This Row],[Coherency and Clarity]]*0.2)+(kenan_acc_table[[#This Row],[Completeness]]*0.2)+(kenan_acc_table[[#This Row],[Understanding Depth]]*0.1))*100/5 -> 80
B92: task_005 | C92: Non-CoT | D92: Zero-Shot | E92: 4 | F92: 4 | G92: 3 | H92: 4 | I92: 5 | J92: =((kenan_acc_table[[#This Row],[Factual Correctness]]*0.25)+(kenan_acc_table[[#This Row],[Reasoning Quality]]*0.25)+(kenan_acc_table[[#This Row],[Coherency and Clarity]]*0.2)+(kenan_acc_table[[#This Row],[Completeness]]*0.2)+(kenan_acc_table[[#This Row],[Understanding Depth]]*0.1))*100/5 -> 78
B93: task_006 | C93: Non-CoT | D93: Zero-Shot | E93: 4 | F93: 3 | G93: 4 | H93: 4 | I93: 4 | J93: =((kenan_acc_table[[#This Row],[Factual Correctness]]*0.25)+(kenan_acc_table[[#This Row],[Reasoning Quality]]*0.25)+(kenan_acc_table[[#This Row],[Coherency and Clarity]]*0.2)+(kenan_acc_table[[#This Row],[Completeness]]*0.2)+(kenan_acc_table[[#This Row],[Understanding Depth]]*0.1))*100/5 -> 75
B94: task_007 | C94: Non-CoT | D94: Zero-Shot | E94: 4 | F94: 4 | G94: 3 | H94: 4 | I94: 5 | J94: =((kenan_acc_table[[#This Row],[Factual Correctness]]*0.25)+(kenan_acc_table[[#This Row],[Reasoning Quality]]*0.25)+(kenan_acc_table[[#This Row],[Coherency and Clarity]]*0.2)+(kenan_acc_table[[#This Row],[Completeness]]*0.2)+(kenan_acc_table[[#This Row],[Understanding Depth]]*0.1))*100/5 -> 78
B95: task_008 | C95: Non-CoT | D95: Zero-Shot | E95: 5 | F95: 4 | G95: 4 | H95: 3 | I95: 4 | J95: =((kenan_acc_table[[#This Row],[Factual Correctness]]*0.25)+(kenan_acc_table[[#This Row],[Reasoning Quality]]*0.25)+(kenan_acc_table[[#This Row],[Coherency and Clarity]]*0.2)+(kenan_acc_table[[#This Row],[Completeness]]*0.2)+(kenan_acc_table[[#This Row],[Understanding Depth]]*0.1))*100/5 -> 81
B96: task_009 | C96: Non-CoT | D96: Zero-Shot | E96: 4 | F96: 3 | G96: 4 | H96: 4 | I96: 5 | J96: =((kenan_acc_table[[#This Row],[Factual Correctness]]*0.25)+(kenan_acc_table[[#This Row],[Reasoning Quality]]*0.25)+(kenan_acc_table[[#This Row],[Coherency and Clarity]]*0.2)+(kenan_acc_table[[#This Row],[Completeness]]*0.2)+(kenan_acc_table[[#This Row],[Understanding Depth]]*0.1))*100/5 -> 77
B97: task_010 | C97: Non-CoT | D97: Zero-Shot | E97: 5 | F97: 4 | G97: 4 | H97: 3 | I97: 5 | J97: =((kenan_acc_table[[#This Row],[Factual Correctness]]*0.25)+(kenan_acc_table[[#This Row],[Reasoning Quality]]*0.25)+(kenan_acc_table[[#This Row],[Coherency and Clarity]]*0.2)+(kenan_acc_table[[#This Row],[Completeness]]*0.2)+(kenan_acc_table[[#This Row],[Understanding Depth]]*0.1))*100/5 -> 83
B98: task_011 | C98: Non-CoT | D98: Few-Shot | E98: 5 | F98: 4 | G98: 5 | H98: 5 | I98: 4 | J98: =((kenan_acc_table[[#This Row],[Factual Correctness]]*0.25)+(kenan_acc_table[[#This Row],[Reasoning Quality]]*0.25)+(kenan_acc_table[[#This Row],[Coherency and Clarity]]*0.2)+(kenan_acc_table[[#This Row],[Completeness]]*0.2)+(kenan_acc_table[[#This Row],[Understanding Depth]]*0.1))*100/5 -> 93
B99: task_012 | C99: Non-CoT | D99: Few-Shot | E99: 5 | F99: 4 | G99: 5 | H99: 4 | I99: 4 | J99: =((kenan_acc_table[[#This Row],[Factual Correctness]]*0.25)+(kenan_acc_table[[#This Row],[Reasoning Quality]]*0.25)+(kenan_acc_table[[#This Row],[Coherency and Clarity]]*0.2)+(kenan_acc_table[[#This Row],[Completeness]]*0.2)+(kenan_acc_table[[#This Row],[Understanding Depth]]*0.1))*100/5 -> 89
... B167: task_080 | C167: CoT | D167: Few-Shot | E167: 5 | F167: 5 | G167: 5 | H167: 4 | I167: 5 | J167: =((kenan_acc_table[[#This Row],[Factual Correctness]]*0.25)+(kenan_acc_table[[#This Row],[Reasoning Quality]]*0.25)+(kenan_acc_table[[#This Row],[Coherency and Clarity]]*0.2)+(kenan_acc_table[[#This Row],[Completeness]]*0.2)+(kenan_acc_table[[#This Row],[Understanding Depth]]*0.1))*100/5 -> 96

Sheet Means
B2: General Data Means
B3: Reasoning Style | C3: Example Context | D3: Avg Accuracy (%) | E3: Prompt Verbosity (#tokens) | F3: Response Verbosity (#tokens) | G3: Total Verbosity (#tokens) | H3: Cost (USD)
B4: Non-CoT | C4: Zero-shot | D4: =AVERAGEIFS(tasks_table[Avg Accuracy (%)], tasks_table[Reasoning Style], mean_table[[#This Row],[Reasoning Style]], tasks_table[Example Context], mean_table[[#This Row],[Example Context]]) -> 82.925 | E4: =AVERAGEIFS(tasks_table[Prompt Verbosity ('#tokens)], tasks_table[Reasoning Style], mean_table[[#This Row],[Reasoning Style]], tasks_table[Example Context], mean_table[[#This Row],[Example Context]]) -> 29.1 | F4: =AVERAGEIFS(tasks_table[Response Verbosity ('#tokens)], tasks_table[Reasoning Style], mean_table[[#This Row],[Reasoning Style]], tasks_table[Example Context], mean_table[[#This Row],[Example Context]]) -> 161 | G4: =AVERAGEIFS(tasks_table[Total Verbosity ('#tokens)], tasks_table[Reasoning Style], mean_table[[#This Row],[Reasoning Style]], tasks_table[Example Context], mean_table[[#This Row],[Example Context]]) -> 190.1 | H4: =AVERAGEIFS(tasks_table[Cost (USD)], tasks_table[Reasoning Style], mean_table[[#This Row],[Reasoning Style]], tasks_table[Example Context], mean_table[[#This Row],[Example Context]]) -> 0.001646375
B5: Non-CoT | C5: Few-shot | D5: =AVERAGEIFS(tasks_table[Avg Accuracy (%)], tasks_table[Reasoning Style], mean_table[[#This Row],[Reasoning Style]], tasks_table[Example Context], mean_table[[#This Row],[Example Context]]) -> 84.025 | E5: =AVERAGEIFS(tasks_table[Prompt Verbosity ('#tokens)], tasks_table[Reasoning Style], mean_table[[#This Row],[Reasoning Style]], tasks_table[Example Context], mean_table[[#This Row],[Example Context]]) -> 77.45 | F5: =AVERAGEIFS(tasks_table[Response Verbosity ('#tokens)], tasks_table[Reasoning Style], mean_table[[#This Row],[Reasoning Style]], tasks_table[Example Context], mean_table[[#This Row],[Example Context]]) -> 172.1 | G5: =AVERAGEIFS(tasks_table[Total Verbosity ('#tokens)], tasks_table[Reasoning Style], mean_table[[#This Row],[Reasoning Style]], tasks_table[Example Context], mean_table[[#This Row],[Example Context]]) -> 249.55 | H5: =AVERAGEIFS(tasks_table[Cost (USD)], tasks_table[Reasoning Style], mean_table[[#This Row],[Reasoning Style]], tasks_table[Example Context], mean_table[[#This Row],[Example Context]]) -> 0.0018178125
B6: CoT | C6: Zero-shot | D6: =AVERAGEIFS(tasks_table[Avg Accuracy (%)], tasks_table[Reasoning Style], mean_table[[#This Row],[Reasoning Style]], tasks_table[Example Context], mean_table[[#This Row],[Example Context]]) -> 93.05 | E6: =AVERAGEIFS(tasks_table[Prompt Verbosity ('#tokens)], tasks_table[Reasoning Style], mean_table[[#This Row],[Reasoning Style]], tasks_table[Example Context], mean_table[[#This Row],[Example Context]]) -> 72.4 | F6: =AVERAGEIFS(tasks_table[Response Verbosity ('#tokens)], tasks_table[Reasoning Style], mean_table[[#This Row],[Reasoning Style]], tasks_table[Example Context], mean_table[[#This Row],[Example Context]]) -> 288.1 | G6: =AVERAGEIFS(tasks_table[Total Verbosity ('#tokens)], tasks_table[Reasoning Style], mean_table[[#This Row],[Reasoning Style]], tasks_table[Example Context], mean_table[[#This Row],[Example Context]]) -> 360.5 | H6: =AVERAGEIFS(tasks_table[Cost (USD)], tasks_table[Reasoning Style], mean_table[[#This Row],[Reasoning Style]], tasks_table[Example Context], mean_table[[#This Row],[Example Context]]) -> 0.0029715
B7: CoT | C7: Few-shot | D7: =AVERAGEIFS(tasks_table[Avg Accuracy (%)], tasks_table[Reasoning Style], mean_table[[#This Row],[Reasoning Style]], tasks_table[Example Context], mean_table[[#This Row],[Example Context]]) -> 94.825 | E7: =AVERAGEIFS(tasks_table[Prompt Verbosity ('#tokens)], tasks_table[Reasoning Style], mean_table[[#This Row],[Reasoning Style]], tasks_table[Example Context], mean_table[[#This Row],[Example Context]]) -> 361.65 | F7: =AVERAGEIFS(tasks_table[Response Verbosity ('#tokens)], tasks_table[Reasoning Style], mean_table[[#This Row],[Reasoning Style]], tasks_table[Example Context], mean_table[[#This Row],[Example Context]]) -> 322.3 | G7: =AVERAGEIFS(tasks_table[Total Verbosity ('#tokens)], tasks_table[Reasoning Style], mean_table[[#This Row],[Reasoning Style]], tasks_table[Example Context], mean_table[[#This Row],[Example Context]]) -> 683.95 | H7: =AVERAGEIFS(tasks_table[Cost (USD)], tasks_table[Reasoning Style], mean_table[[#This Row],[Reasoning Style]], tasks_table[Example Context], mean_table[[#This Row],[Example Context]]) -> 0.0036750625
B10: Accuracy Evaluations 1 Means (By Koorosh Nobakhtfar)
B11: Reasoning Style | C11: Example Context | D11: Factual Correctness | E11: Reasoning Quality | F11: Coherency and Clarity | G11: Completeness | H11: Understanding Depth | I11: Weighted Total
B12: Non-CoT | C12: Zero-shot | D12: =AVERAGEIFS(koorosh_acc_table[Factual Correctness], koorosh_acc_table[Reasoning Style], acc_mean_table[[#This Row],[Reasoning Style]], koorosh_acc_table[Example Context], acc_mean_table[[#This Row],[Example Context]]) -> 4.95 | E12: =AVERAGEIFS(koorosh_acc_table[Reasoning Quality], koorosh_acc_table[Reasoning Style], acc_mean_table[[#This Row],[Reasoning Style]], koorosh_acc_table[Example Context], acc_mean_table[[#This Row],[Example Context]]) -> 3.6 | F12: =AVERAGEIFS(koorosh_acc_table[Coherency and Clarity], koorosh_acc_table[Reasoning Style], acc_mean_table[[#This Row],[Reasoning Style]], koorosh_acc_table[Example Context], acc_mean_table[[#This Row],[Example Context]]) -> 3.95 | G12: =AVERAGEIFS(koorosh_acc_table[Completeness], koorosh_acc_table[Reasoning Style], acc_mean_table[[#This Row],[Reasoning Style]], koorosh_acc_table[Example Context], acc_mean_table[[#This Row],[Example Context]]) -> 4.75 | H12: =AVERAGEIFS(koorosh_acc_table[Understanding Depth], koorosh_acc_table[Reasoning Style], acc_mean_table[[#This Row],[Reasoning Style]], koorosh_acc_table[Example Context], acc_mean_table[[#This Row],[Example Context]]) -> 4.95 | I12: =AVERAGEIFS(koorosh_acc_table[[Weighted Total ]], koorosh_acc_table[Reasoning Style], acc_mean_table[[#This Row],[Reasoning Style]], koorosh_acc_table[Example Context], acc_mean_table[[#This Row],[Example Context]]) -> 87.45
B13: Non-CoT | C13: Few-shot | D13: =AVERAGEIFS(koorosh_acc_table[Factual Correctness], koorosh_acc_table[Reasoning Style], acc_mean_table[[#This Row],[Reasoning Style]], koorosh_acc_table[Example Context], acc_mean_table[[#This Row],[Example Context]]) -> 4.85 | E13: =AVERAGEIFS(koorosh_acc_table[Reasoning Quality], koorosh_acc_table[Reasoning Style], acc_mean_table[[#This Row],[Reasoning Style]], koorosh_acc_table[Example Context], acc_mean_table[[#This Row],[Example Context]]) -> 3.15 | F13: =AVERAGEIFS(koorosh_acc_table[Coherency and Clarity], koorosh_acc_table[Reasoning Style], acc_mean_table[[#This Row],[Reasoning Style]], koorosh_acc_table[Example Context], acc_mean_table[[#This Row],[Example Context]]) -> 3.7 | G13: =AVERAGEIFS(koorosh_acc_table[Completeness], koorosh_acc_table[Reasoning Style], acc_mean_table[[#This Row],[Reasoning Style]], koorosh_acc_table[Example Context], acc_mean_table[[#This Row],[Example Context]]) -> 4.75 | H13: =AVERAGEIFS(koorosh_acc_table[Understanding Depth], koorosh_acc_table[Reasoning Style], acc_mean_table[[#This Row],[Reasoning Style]], koorosh_acc_table[Example Context], acc_mean_table[[#This Row],[Example Context]]) -> 4.9 | I13: =AVERAGEIFS(koorosh_acc_table[[Weighted Total ]], koorosh_acc_table[Reasoning Style], acc_mean_table[[#This Row],[Reasoning Style]], koorosh_acc_table[Example Context], acc_mean_table[[#This Row],[Example Context]]) -> 83.6
B14: CoT | C14: Zero-shot | D14: =AVERAGEIFS(koorosh_acc_table[Factual Correctness], koorosh_acc_table[Reasoning Style], acc_mean_table[[#This Row],[Reasoning Style]], koorosh_acc_table[Example Context], acc_mean_table[[#This Row],[Example Context]]) -> 4.7 | E14: =AVERAGEIFS(koorosh_acc_table[Reasoning Quality], koorosh_acc_table[Reasoning Style], acc_mean_table[[#This Row],[Reasoning Style]], koorosh_acc_table[Example Context], acc_mean_table[[#This Row],[Example Context]]) -> 4.85 | F14: =AVERAGEIFS(koorosh_acc_table[Coherency and Clarity], koorosh_acc_table[Reasoning Style], acc_mean_table[[#This Row],[Reasoning Style]], koorosh_acc_table[Example Context], acc_mean_table[[#This Row],[Example Context]]) -> 4.75 | G14: =AVERAGEIFS(koorosh_acc_table[Completeness], koorosh_acc_table[Reasoning Style], acc_mean_table[[#This Row],[Reasoning Style]], koorosh_acc_table[Example Context], acc_mean_table[[#This Row],[Example Context]]) -> 5 | H14: =AVERAGEIFS(koorosh_acc_table[Understanding Depth], koorosh_acc_table[Reasoning Style], acc_mean_table[[#This Row],[Reasoning Style]], koorosh_acc_table[Example Context], acc_mean_table[[#This Row],[Example Context]]) -> 5 | I14: =AVERAGEIFS(koorosh_acc_table[[Weighted Total ]], koorosh_acc_table[Reasoning Style], acc_mean_table[[#This Row],[Reasoning Style]], koorosh_acc_table[Example Context], acc_mean_table[[#This Row],[Example Context]]) -> 96.75
B15: CoT | C15: Few-shot | D15: =AVERAGEIFS(koorosh_acc_table[Factual Correctness], koorosh_acc_table[Reasoning Style], acc_mean_table[[#This Row],[Reasoning Style]], koorosh_acc_table[Example Context], acc_mean_table[[#This Row],[Example Context]]) -> 4.55 | E15: =AVERAGEIFS(koorosh_acc_table[Reasoning Quality], koorosh_acc_table[Reasoning Style], acc_mean_table[[#This Row],[Reasoning Style]], koorosh_acc_table[Example Context], acc_mean_table[[#This Row],[Example Context]]) -> 4.75 | F15: =AVERAGEIFS(koorosh_acc_table[Coherency and Clarity], koorosh_acc_table[Reasoning Style], acc_mean_table[[#This Row],[Reasoning Style]], koorosh_acc_table[Example Context], acc_mean_table[[#This Row],[Example Context]]) -> 4.65 | G15: =AVERAGEIFS(koorosh_acc_table[Completeness], koorosh_acc_table[Reasoning Style], acc_mean_table[[#This Row],[Reasoning Style]], koorosh_acc_table[Example Context], acc_mean_table[[#This Row],[Example Context]]) -> 5 | H15: =AVERAGEIFS(koorosh_acc_table[Understanding Depth], koorosh_acc_table[Reasoning Style], acc_mean_table[[#This Row],[Reasoning Style]], koorosh_acc_table[Example Context], acc_mean_table[[#This Row],[Example Context]]) -> 4.95 | I15: =AVERAGEIFS(koorosh_acc_table[[Weighted Total ]], koorosh_acc_table[Reasoning Style], acc_mean_table[[#This Row],[Reasoning Style]], koorosh_acc_table[Example Context], acc_mean_table[[#This Row],[Example Context]]) -> 95
B18: Accuracy Evaluations 2 Means (By Kenan Çakılcı)
B19: Reasoning Style | C19: Example Context | D19: Factual Correctness | E19: Reasoning Quality | F19: Coherency and Clarity | G19: Completeness | H19: Understanding Depth | I19: Weighted Total
B20: Non-CoT | C20: Zero-shot | D20: =AVERAGEIFS(kenan_acc_table[Factual Correctness], kenan_acc_table[Reasoning Style], acc_mean_table7[[#This Row],[Reasoning Style]], kenan_acc_table[Example Context], acc_mean_table7[[#This Row],[Example Context]]) -> 4.35 | E20: =AVERAGEIFS(kenan_acc_table[Reasoning Quality], kenan_acc_table[Reasoning Style], acc_mean_table7[[#This Row],[Reasoning Style]], kenan_acc_table[Example Context], acc_mean_table7[[#This Row],[Example Context]]) -> 3.65 | F20: =AVERAGEIFS(kenan_acc_table[Coherency and Clarity], kenan_acc_table[Reasoning Style], acc_mean_table7[[#This Row],[Reasoning Style]], kenan_acc_table[Example Context], acc_mean_table7[[#This Row],[Example Context]]) -> 3.75 | G20: =AVERAGEIFS(kenan_acc_table[Completeness], kenan_acc_table[Reasoning Style], acc_mean_table7[[#This Row],[Reasoning Style]], kenan_acc_table[Example Context], acc_mean_table7[[#This Row],[Example Context]]) -> 3.75 | H20: =AVERAGEIFS(kenan_acc_table[Understanding Depth], kenan_acc_table[Reasoning Style], acc_mean_table7[[#This Row],[Reasoning Style]], kenan_acc_table[Example Context], acc_mean_table7[[#This Row],[Example Context]]) -> 4.2 | I20: =AVERAGEIFS(kenan_acc_table[[Weighted Total ]], kenan_acc_table[Reasoning Style], acc_mean_table7[[#This Row],[Reasoning Style]], kenan_acc_table[Example Context], acc_mean_table7[[#This Row],[Example Context]]) -> 78.4
B21: Non-CoT | C21: Few-shot | D21: =AVERAGEIFS(kenan_acc_table[Factual Correctness], kenan_acc_table[Reasoning Style], acc_mean_table7[[#This Row],[Reasoning Style]], kenan_acc_table[Example Context], acc_mean_table7[[#This Row],[Example Context]]) -> 4.55 | E21: =AVERAGEIFS(kenan_acc_table[Reasoning Quality], kenan_acc_table[Reasoning Style], acc_mean_table7[[#This Row],[Reasoning Style]], kenan_acc_table[Example Context], acc_mean_table7[[#This Row],[Example Context]]) -> 4.1 | F21: =AVERAGEIFS(kenan_acc_table[Coherency and Clarity], kenan_acc_table[Reasoning Style], acc_mean_table7[[#This Row],[Reasoning Style]], kenan_acc_table[Example Context], acc_mean_table7[[#This Row],[Example Context]]) -> 4.2 | G21: =AVERAGEIFS(kenan_acc_table[Completeness], kenan_acc_table[Reasoning Style], acc_mean_table7[[#This Row],[Reasoning Style]], kenan_acc_table[Example Context], acc_mean_table7[[#This Row],[Example Context]]) -> 4 | H21: =AVERAGEIFS(kenan_acc_table[Understanding Depth], kenan_acc_table[Reasoning Style], acc_mean_table7[[#This Row],[Reasoning Style]], kenan_acc_table[Example Context], acc_mean_table7[[#This Row],[Example Context]]) -> 4.2 | I21: =AVERAGEIFS(kenan_acc_table[[Weighted Total ]], kenan_acc_table[Reasoning Style], acc_mean_table7[[#This Row],[Reasoning Style]], kenan_acc_table[Example Context], acc_mean_table7[[#This Row],[Example Context]]) -> 84.45
B22: CoT | C22: Zero-shot | D22: =AVERAGEIFS(kenan_acc_table[Factual Correctness], kenan_acc_table[Reasoning Style], acc_mean_table7[[#This Row],[Reasoning Style]], kenan_acc_table[Example Context], acc_mean_table7[[#This Row],[Example Context]]) -> 4.7 | E22: =AVERAGEIFS(kenan_acc_table[Reasoning Quality], kenan_acc_table[Reasoning Style], acc_mean_table7[[#This Row],[Reasoning Style]], kenan_acc_table[Example Context], acc_mean_table7[[#This Row],[Example Context]]) -> 4.35 | F22: =AVERAGEIFS(kenan_acc_table[Coherency and Clarity], kenan_acc_table[Reasoning Style], acc_mean_table7[[#This Row],[Reasoning Style]], kenan_acc_table[Example Context], acc_mean_table7[[#This Row],[Example Context]]) -> 4.5 | G22: =AVERAGEIFS(kenan_acc_table[Completeness], kenan_acc_table[Reasoning Style], acc_mean_table7[[#This Row],[Reasoning Style]], kenan_acc_table[Example Context], acc_mean_table7[[#This Row],[Example Context]]) -> 4.45 | H22: =AVERAGEIFS(kenan_acc_table[Understanding Depth], kenan_acc_table[Reasoning Style], acc_mean_table7[[#This Row],[Reasoning Style]], kenan_acc_table[Example Context], acc_mean_table7[[#This Row],[Example Context]]) -> 4.15 | I22: =AVERAGEIFS(kenan_acc_table[[Weighted Total ]], kenan_acc_table[Reasoning Style], acc_mean_table7[[#This Row],[Reasoning Style]], kenan_acc_table[Example Context], acc_mean_table7[[#This Row],[Example Context]]) -> 89.35
B23: CoT | C23: Few-shot | D23: =AVERAGEIFS(kenan_acc_table[Factual Correctness], kenan_acc_table[Reasoning Style], acc_mean_table7[[#This Row],[Reasoning Style]], kenan_acc_table[Example Context], acc_mean_table7[[#This Row],[Example Context]]) -> 4.85 | E23: =AVERAGEIFS(kenan_acc_table[Reasoning Quality], kenan_acc_table[Reasoning Style], acc_mean_table7[[#This Row],[Reasoning Style]], kenan_acc_table[Example Context], acc_mean_table7[[#This Row],[Example Context]]) -> 4.7 | F23: =AVERAGEIFS(kenan_acc_table[Coherency and Clarity], kenan_acc_table[Reasoning Style], acc_mean_table7[[#This Row],[Reasoning Style]], kenan_acc_table[Example Context], acc_mean_table7[[#This Row],[Example Context]]) -> 4.8 | G23: =AVERAGEIFS(kenan_acc_table[Completeness], kenan_acc_table[Reasoning Style], acc_mean_table7[[#This Row],[Reasoning Style]], kenan_acc_table[Example Context], acc_mean_table7[[#This Row],[Example Context]]) -> 4.55 | H23: =AVERAGEIFS(kenan_acc_table[Understanding Depth], kenan_acc_table[Reasoning Style], acc_mean_table7[[#This Row],[Reasoning Style]], kenan_acc_table[Example Context], acc_mean_table7[[#This Row],[Example Context]]) -> 4.75 | I23: =AVERAGEIFS(kenan_acc_table[[Weighted Total ]], kenan_acc_table[Reasoning Style], acc_mean_table7[[#This Row],[Reasoning Style]], kenan_acc_table[Example Context], acc_mean_table7[[#This Row],[Example Context]]) -> 94.65

Sheet Figure 1 Table
B2: Figure 1 Helper Table
B3: Reasoning Style | C3: Example Context | D3: Prompt Verbosity | E3: Response Verbosity
B4: Non-CoT | C4: Zero-shot | D4: =AVERAGEIFS(tasks_table[Prompt Verbosity ('#tokens)], tasks_table[Reasoning Style], helper_table_1[[#This Row],[Reasoning Style]], tasks_table[Example Context], helper_table_1[[#This Row],[Example Context]]) -> 29.1 | E4: =AVERAGEIFS(tasks_table[Response Verbosity ('#tokens)], tasks_table[Reasoning Style], helper_table_1[[#This Row],[Reasoning Style]], tasks_table[Example Context], helper_table_1[[#This Row],[Example Context]]) -> 161
B5: Non-CoT | C5: Few-shot | D5: =AVERAGEIFS(tasks_table[Prompt Verbosity ('#tokens)], tasks_table[Reasoning Style], helper_table_1[[#This Row],[Reasoning Style]], tasks_table[Example Context], helper_table_1[[#This Row],[Example Context]]) -> 77.45 | E5: =AVERAGEIFS(tasks_table[Response Verbosity ('#tokens)], tasks_table[Reasoning Style], helper_table_1[[#This Row],[Reasoning Style]], tasks_table[Example Context], helper_table_1[[#This Row],[Example Context]]) -> 172.1
B6: CoT | C6: Zero-shot | D6: =AVERAGEIFS(tasks_table[Prompt Verbosity ('#tokens)], tasks_table[Reasoning Style], helper_table_1[[#This Row],[Reasoning Style]], tasks_table[Example Context], helper_table_1[[#This Row],[Example Context]]) -> 72.4 | E6: =AVERAGEIFS(tasks_table[Response Verbosity ('#tokens)], tasks_table[Reasoning Style], helper_table_1[[#This Row],[Reasoning Style]], tasks_table[Example Context], helper_table_1[[#This Row],[Example Context]]) -> 288.1
B7: CoT | C7: Few-shot | D7: =AVERAGEIFS(tasks_table[Prompt Verbosity ('#tokens)], tasks_table[Reasoning Style], helper_table_1[[#This Row],[Reasoning Style]], tasks_table[Example Context], helper_table_1[[#This Row],[Example Context]]) -> 361.65 | E7: =AVERAGEIFS(tasks_table[Response Verbosity ('#tokens)], tasks_table[Reasoning Style], helper_table_1[[#This Row],[Reasoning Style]], tasks_table[Example Context], helper_table_1[[#This Row],[Example Context]]) -> 322.3
